Strike,16-Apr-21,30-Apr-21,21-May-21,28-May-21,18-Jun-21,30-Jun-21,17-Sep-21,30-Sep-21,17-Dec-21,31-Dec-21,21-Jan-22,18-Mar-22,17-Jun-22,16-Dec-22,15-Dec-23,20-Dec-24,19-Dec-25,18-Dec-26,17-Dec-27,15-Dec-28,21-Dec-29,15-Dec-34
100,1.484522517,1.384530529,1.280828955,1.241187283,1.169609896,1.150272212,1.103831707,1.09118855,1.018637651,1.003643942,1.002400077,0.969647899,0.924852193,0.850642361,0.736424018,0.649635644,0.589753659,0.564590244,0.536387509,0.538212721,0.581852706,0.51827831
200,1.402107856,1.31365918,1.219311737,1.184754675,1.12500496,1.104529318,1.043332581,1.029939533,0.950997475,0.935507296,0.929184707,0.893591185,0.84452284,0.762723467,0.648371818,0.580376084,0.526405256,0.501250236,0.475308521,0.472658209,0.503322464,0.444072615
300,1.324724298,1.245332624,1.158877526,1.128365721,1.077591258,1.056303958,0.9846086,0.970973174,0.889305574,0.873894484,0.864642983,0.82827842,0.777880089,0.694952437,0.586443477,0.531829696,0.482897666,0.458851531,0.435660145,0.431043706,0.454087123,0.400932394
400,1.252387563,1.180394389,1.100766763,1.073544128,1.029621518,1.007852585,0.929023453,0.915475858,0.833453379,0.818454181,0.807538914,0.771550214,0.721495293,0.64053225,0.539790088,0.494874547,0.450228415,0.427534656,0.406883656,0.401188921,0.41895524,0.373281405
500,1.184841857,1.119052021,1.045433088,1.020926996,0.982256873,0.960310736,0.877007055,0.863767178,0.782981318,0.76859378,0.756812864,0.721875645,0.67316946,0.595751524,0.503237605,0.465422128,0.424450571,0.403108648,0.384689963,0.378319252,0.392389458,0.354094021
600,1.121760267,1.06127799,0.993019505,0.970787643,0.936164315,0.91430895,0.828624611,0.815837407,0.737361688,0.723703768,0.711574561,0.678089142,0.631339241,0.558258068,0.473824124,0.441221368,0.403429896,0.383360356,0.366883779,0.360482704,0.372360143,0.339882732
700,1.062805073,1.006941814,0.94352008,0.923216602,0.891735128,0.870198955,0.783773703,0.77153149,0.696080387,0.68321721,0.671077755,0.639273431,0.594836781,0.526443197,0.449681065,0.420888131,0.38587364,0.36697428,0.35242009,0.346388145,0.356721863,0.328895797
800,1.007650288,0.955866876,0.896852,0.878204103,0.849190758,0.828163405,0.742272353,0.730629958,0.658663857,0.646625631,0.634695508,0.604691833,0.562762711,0.499152729,0.429553545,0.403508508,0.370938964,0.353219944,0.340517838,0.334909165,0.344135422,0.320140248
900,0.955990431,0.907858262,0.852892491,0.835683465,0.808642531,0.788277553,0.703903513,0.692888947,0.624686538,0.61348019,0.601899108,0.573744052,0.534409405,0.475530129,0.412560481,0.388447741,0.358051066,0.341609371,0.330502267,0.325346711,0.333773168,0.313004291
1000,0.907543468,0.862717368,0.811499306,0.795555933,0.770128537,0.750547051,0.668438957,0.658061106,0.59377061,0.583387582,0.572240741,0.545935336,0.509210886,0.454923293,0.398062014,0.375247762,0.346810641,0.331639272,0.321926626,0.317239751,0.325091389,0.307087176
1100,0.862051091,0.820249769,0.772522605,0.757705635,0.733637749,0.714932377,0.635652417,0.625906644,0.56558267,0.556004227,0.545339409,0.520854078,0.486708424,0.436825576,0.385580896,0.363536227,0.336884452,0.322958567,0.314481072,0.310269708,0.317715757,0.302113765
1200,0.819277756,0.78026942,0.735812004,0.722008859,0.69912637,0.681365152,0.60532673,0.59619898,0.539829334,0.531030236,0.520869521,0.498155065,0.466526046,0.420836713,0.374752703,0.35301804,0.328023288,0.315314347,0.307942648,0.304208142,0.311378805,0.297886945
1300,0.77900916,0.742600762,0.701220747,0.688339888,0.66652917,0.649759245,0.57725753,0.568727353,0.516252676,0.508203727,0.498551629,0.477546716,0.448352639,0.406636009,0.365005362,0.343488573,0.320041004,0.308518892,0.302146048,0.29888624,0.305883552,0.294055814
1400,0.741050531,0.707079607,0.668608123,0.65657467,0.635767456,0.620018417,0.551254897,0.543297669,0.494625898,0.487295722,0.478144887,0.458781178,0.431928584,0.393963387,0.355944253,0.33479068,0.312795115,0.302429376,0.296965622,0.294176101,0.301081244,0.290411655
1500,0.705224883,0.673553301,0.63784078,0.626593085,0.606754714,0.592041597,0.527143798,0.519732357,0.474749388,0.468105668,0.45944089,0.44164656,0.417035606,0.382605693,0.347477032,0.326801178,0.306174281,0.296934829,0.292303847,0.289978755,0.296839549,0.286935118
1600,0.671371338,0.641880466,0.608793344,0.598280305,0.579400603,0.565726507,0.504763816,0.497869655,0.456447225,0.450457551,0.442258612,0.42596076,0.403488942,0.372256566,0.339528955,0.319421807,0.300089953,0.291947478,0.288083655,0.286158405,0.292832665,0.283609793
1650,0.655137847,0.626697884,0.594877642,0.584715468,0.566316968,0.553160444,0.494176703,0.487530315,0.44783726,0.442162594,0.434187993,0.418611169,0.397170374,0.367317694,0.335729984,0.315935453,0.297226085,0.289621417,0.286106558,0.284292949,0.290880317,0.281999369
1700,0.639343564,0.611930505,0.581348591,0.571527526,0.553613772,0.540972126,0.483968486,0.47756262,0.439564102,0.434196561,0.426440239,0.41156652,0.391131239,0.362520534,0.332038652,0.312572991,0.294470619,0.287396817,0.2841568,0.282448781,0.288960412,0.280421644
1750,0.623972234,0.597563585,0.568192795,0.558703876,0.54127976,0.529149392,0.474122895,0.467950332,0.431611122,0.426542943,0.418998683,0.404810385,0.385355363,0.357857034,0.328448884,0.309326671,0.291816616,0.285266881,0.282228779,0.28062565,0.287071805,0.27887516
1800,0.60900834,0.583582973,0.555397344,0.546232318,0.529303826,0.517680329,0.464624409,0.458677996,0.423962665,0.419186222,0.411847709,0.398327425,0.379827732,0.353319812,0.324955107,0.306189429,0.289257758,0.283225435,0.280322235,0.278823271,0.28521341,0.277358561
1850,0.594437064,0.569975088,0.542949803,0.534101057,0.51767504,0.506553295,0.455458236,0.449730904,0.416603988,0.412111803,0.404972675,0.392103312,0.374504399,0.348902086,0.3215522,0.303154812,0.28678828,0.281235076,0.27843688,0.277041334,0.283384192,0.275870578
1900,0.580244249,0.556726897,0.530838198,0.52229869,0.506382673,0.495756938,0.446610277,0.44109506,0.409521196,0.40530595,0.398359841,0.386124646,0.36931778,0.344597608,0.318235443,0.300216907,0.284402908,0.279262726,0.276572401,0.275279509,0.281583169,0.274410025
1950,0.566416373,0.543825895,0.519051007,0.510814209,0.495416222,0.485280208,0.438067094,0.432757145,0.402701191,0.398755728,0.391996303,0.380378882,0.364259561,0.340400612,0.315000479,0.297370284,0.282096804,0.277308349,0.274728466,0.273537456,0.279809401,0.272975792
2000,0.552940506,0.531260081,0.507577142,0.499636987,0.484765417,0.475112361,0.429815883,0.424704486,0.396131616,0.39244895,0.385869933,0.37485427,0.359323398,0.336305763,0.311843274,0.294609947,0.279865521,0.275371868,0.272904733,0.271814823,0.278061998,0.271566836
2050,0.539804287,0.51901794,0.496405936,0.488756771,0.474420238,0.465242971,0.421844441,0.416925022,0.38980081,0.386374128,0.379969327,0.369539787,0.35450341,0.332308116,0.30876009,0.291931287,0.277704963,0.273453167,0.27110085,0.270111252,0.27634011,0.270182177
2100,0.526995895,0.507088421,0.485527131,0.478163676,0.464370922,0.455661926,0.41414114,0.409407275,0.383697761,0.380520424,0.374283748,0.364397546,0.349794132,0.328403079,0.305747452,0.289330046,0.275609521,0.271552107,0.269316459,0.268426383,0.274642927,0.268820895
2150,0.514504018,0.495460919,0.474930859,0.467848169,0.454607967,0.446359433,0.406694901,0.402140317,0.377812067,0.374877611,0.368802895,0.359351057,0.345190481,0.32458638,0.302802126,0.28680228,0.273543167,0.26966852,0.267551202,0.266759858,0.272969676,0.267482122
2200,0.502317831,0.484125254,0.464607633,0.457801065,0.445122139,0.437326012,0.399495164,0.395113749,0.372133894,0.36942294,0.363459964,0.354393257,0.340687718,0.320854039,0.299921101,0.284344333,0.27149309,0.267802224,0.265804717,0.265111315,0.271319621,0.266165039
2250,0.490426969,0.473071657,0.454548329,0.448013511,0.435904469,0.428552496,0.392531862,0.388317665,0.366600934,0.364058682,0.358204563,0.349520766,0.336281418,0.317202338,0.29710156,0.281937161,0.269459252,0.26595302,0.264076645,0.263480399,0.269692058,0.264868872
2300,0.478821507,0.462290744,0.444744173,0.43847698,0.426946258,0.420030029,0.385795402,0.381742634,0.361154689,0.358764941,0.35303355,0.344730403,0.331967443,0.313627802,0.294340872,0.279534879,0.26744159,0.264120696,0.26236663,0.261866757,0.268086316,0.263592892
2350,0.467491935,0.45177351,0.43518673,0.429183256,0.41823907,0.411750054,0.379276635,0.375379673,0.355792171,0.353539692,0.347943958,0.340019166,0.327741918,0.31012718,0.291636572,0.277135651,0.265440012,0.262305031,0.26067432,0.26027004,0.266501753,0.262336407
2400,0.456429141,0.441511304,0.425867888,0.420124428,0.409774735,0.403704311,0.372966839,0.369214,0.350510551,0.348380996,0.342932978,0.33538422,0.323601209,0.306697419,0.288977422,0.274740361,0.263454412,0.260505799,0.258999365,0.258689908,0.264937756,0.261098761
2450,0.445624389,0.431495817,0.416779845,0.411292875,0.401545342,0.395884832,0.366821293,0.363162836,0.345307144,0.343286994,0.337997951,0.330822886,0.319541901,0.303335655,0.286290002,0.272349796,0.261484665,0.258722765,0.257341424,0.257126023,0.263393738,0.259879333
2500,0.4350693,0.421719067,0.4079151,0.402681258,0.393543236,0.38828393,0.360754786,0.357200302,0.340179405,0.338255907,0.333136356,0.32633263,0.315560787,0.300039195,0.283561537,0.26996466,0.25953063,0.256955695,0.255700159,0.255578055,0.261869136,0.258677532
2550,0.424755839,0.412173384,0.399266437,0.394282508,0.385761012,0.380894192,0.354762315,0.351323547,0.335124915,0.333286027,0.328345799,0.321911049,0.311654843,0.296805504,0.280795521,0.267585577,0.257592159,0.255204348,0.254075239,0.254045682,0.260363412,0.257492799
2600,0.414676294,0.402851397,0.390826915,0.386089819,0.378191514,0.373706246,0.348841891,0.345529861,0.330141372,0.328375715,0.323624007,0.317555865,0.30782122,0.293630111,0.277995174,0.265213105,0.255669092,0.253468485,0.252466341,0.252528587,0.258876051,0.256324599
2625,0.409721914,0.398272065,0.386683485,0.382068689,0.374484365,0.370157415,0.345908097,0.342663357,0.327675517,0.325942403,0.321288217,0.315402493,0.305930683,0.292043114,0.276583063,0.264029505,0.254713283,0.252606285,0.2516678,0.251775673,0.258139102,0.255746539
2650,0.404823262,0.393746022,0.382589857,0.378096635,0.370827822,0.366622141,0.342991606,0.339816664,0.325226586,0.323523399,0.318968817,0.313264917,0.30405723,0.290446543,0.275163465,0.262847738,0.253761262,0.251747866,0.250873146,0.251026462,0.257406559,0.255172424
2675,0.399979456,0.389272424,0.378545234,0.374172875,0.367221056,0.363100357,0.340092189,0.336989477,0.322794322,0.321118516,0.31666555,0.311142885,0.302200548,0.288840808,0.273736715,0.261667859,0.252813006,0.250893197,0.250082341,0.250280919,0.256678365,0.254602195
2700,0.395189635,0.384850445,0.374548838,0.370296643,0.363663254,0.359591994,0.337209626,0.3341815,0.320378473,0.318727569,0.314378171,0.309036149,0.300360332,0.287226302,0.272303135,0.260489917,0.251868494,0.250042249,0.249295346,0.249539005,0.255954461,0.254035792
2725,0.390452955,0.380479274,0.370599903,0.366467184,0.360153615,0.356096982,0.334343697,0.331392446,0.317978793,0.316350381,0.312106436,0.306944468,0.298536287,0.285603405,0.270863037,0.25931396,0.250927703,0.249194993,0.248512123,0.248800685,0.255234792,0.253473159
2750,0.385768588,0.376158116,0.366697677,0.36268376,0.356691353,0.35261525,0.331494191,0.32862203,0.315595042,0.313986774,0.30985011,0.304867606,0.296713352,0.283972483,0.269416718,0.258140031,0.249990611,0.248351398,0.247732635,0.248065921,0.254519302,0.25291424
2775,0.381135721,0.37188619,0.362841426,0.358945646,0.353270808,0.349146725,0.328660896,0.325869977,0.313226987,0.311636577,0.307608961,0.302805335,0.29487344,0.282333885,0.267964466,0.256968173,0.249057195,0.247511435,0.246956846,0.247334679,0.253807938,0.252358981
2800,0.37655356,0.367662733,0.359030426,0.35525213,0.349850785,0.345691335,0.325843609,0.323136019,0.310874398,0.309299619,0.305382765,0.30075743,0.293017101,0.28068795,0.266506557,0.255798425,0.248127431,0.246675074,0.246184719,0.246606923,0.253100645,0.251807328
2825,0.372021323,0.363486993,0.355263968,0.351601717,0.346422538,0.342249004,0.323042127,0.32041989,0.30853705,0.306975736,0.3031713,0.298722362,0.291144918,0.279035003,0.265043257,0.254630824,0.247201297,0.245842287,0.245416218,0.245882619,0.252397373,0.25125923
2850,0.367538246,0.359358235,0.351539802,0.347964949,0.342986551,0.338819657,0.320256254,0.317721335,0.306214726,0.304664764,0.300974351,0.296676633,0.289257454,0.277375358,0.263575163,0.253465404,0.246278769,0.245013044,0.244651307,0.245161732,0.25169807,0.250714636
2875,0.36310358,0.355275736,0.347826815,0.344327448,0.33954329,0.335403219,0.317485795,0.315040101,0.303907212,0.302366543,0.298791556,0.294612117,0.287355253,0.275709317,0.262102862,0.252302197,0.245359824,0.244187316,0.243889952,0.244444227,0.251002687,0.250173496
2900,0.358716587,0.351238788,0.344113297,0.340689508,0.336093201,0.331999612,0.31473056,0.312375943,0.301614297,0.3000788,0.296602465,0.292529455,0.285438839,0.27403717,0.260626575,0.251141235,0.244444438,0.243365075,0.243132118,0.243730073,0.250311173,0.249635761
2925,0.354376548,0.347232835,0.340399538,0.337051409,0.332636716,0.32860876,0.311990363,0.309728618,0.299324332,0.297775223,0.294393308,0.290429267,0.283508718,0.272359198,0.259146512,0.249982544,0.243532588,0.242546292,0.242377771,0.243019235,0.249623482,0.249101385
2950,0.350082753,0.343236098,0.336685813,0.33341342,0.329174247,0.325230585,0.309265021,0.307097894,0.297011315,0.295448583,0.292164756,0.288312151,0.281565379,0.27067567,0.257662876,0.248826153,0.24262425,0.241730938,0.241626876,0.242311681,0.248939566,0.24857032
2975,0.345831071,0.339248385,0.332972387,0.329775798,0.325706194,0.321865009,0.306554355,0.30448162,0.294674965,0.293099628,0.289917457,0.286178685,0.279609294,0.268986848,0.256175866,0.247672085,0.241719401,0.240918986,0.240879401,0.241607378,0.248259379,0.248042521
3000,0.341599344,0.335269752,0.329259515,0.326138789,0.322232941,0.318511954,0.303849221,0.301844377,0.29231603,0.290729081,0.287652039,0.284029428,0.277640919,0.267289412,0.254685668,0.246520364,0.240818018,0.240110407,0.240135313,0.240906296,0.247582875,0.247517943
3025,0.337383646,0.331300247,0.325547438,0.322502631,0.318754855,0.315171341,0.301115322,0.299173719,0.289935234,0.288337641,0.285369106,0.281864921,0.275660696,0.265577454,0.253192466,0.245371011,0.239920075,0.239305174,0.239394579,0.240208403,0.24691001,0.246996544
3050,0.333183871,0.327339917,0.32183639,0.31886755,0.315272293,0.311843091,0.298350164,0.29647065,0.287533276,0.285925986,0.283069246,0.279685684,0.273669051,0.263851333,0.251696434,0.244224047,0.239025551,0.23850326,0.238657167,0.239513667,0.24624074,0.246478279
3075,0.32899991,0.323388803,0.318126594,0.315233761,0.311785597,0.308527126,0.295554694,0.293736141,0.285110833,0.283494768,0.280753024,0.277492224,0.271666394,0.262111508,0.250197742,0.243079489,0.238134421,0.237704636,0.237923045,0.238822059,0.245575023,0.245963108
3100,0.324831656,0.319446943,0.314418265,0.311601475,0.308291281,0.305218259,0.292729829,0.290971132,0.282668559,0.281044623,0.278420989,0.27528503,0.269653125,0.260358426,0.248696553,0.241937354,0.237246662,0.236909277,0.237192182,0.238133548,0.244912816,0.24545099
3110,0.323168729,0.317872797,0.31293539,0.310149025,0.306888033,0.30388736,0.291591853,0.289856793,0.28168624,0.280059402,0.277483867,0.274398412,0.268844933,0.259653579,0.248095414,0.241481183,0.236892497,0.236592041,0.236900743,0.237859004,0.244648906,0.245246988
3120,0.321508291,0.316300139,0.311452795,0.308696861,0.305481456,0.302550704,0.290449372,0.288737778,0.28070089,0.27907129,0.276544334,0.273509703,0.268035128,0.258946706,0.24749391,0.241025402,0.236538867,0.236275321,0.236609818,0.237584948,0.244385549,0.245043466
3130,0.319850335,0.31472897,0.309970493,0.307243336,0.304071596,0.301208361,0.289302441,0.287614142,0.279712547,0.278080324,0.275602421,0.27261893,0.267223735,0.258237836,0.246892051,0.240570014,0.236185768,0.235959116,0.236319406,0.23731138,0.244122742,0.24484042
3140,0.318194855,0.313159294,0.308488403,0.305784761,0.3026585,0.299860398,0.288151113,0.286485942,0.27872125,0.277086541,0.274658161,0.271726123,0.266410631,0.257526993,0.246289847,0.240115019,0.235833201,0.235643424,0.236029504,0.237038297,0.243860482,0.24463785
3150,0.316541844,0.31159111,0.307002281,0.30432106,0.301242212,0.298506883,0.286995444,0.285353231,0.277727038,0.276089978,0.273711587,0.27083131,0.26559448,0.256814205,0.245687307,0.239660419,0.235481164,0.235328243,0.235740111,0.236765698,0.243598767,0.244435751
3160,0.314891295,0.310024421,0.305509877,0.302852295,0.299822776,0.297147881,0.285835485,0.284216065,0.276729949,0.275090672,0.272762729,0.269934519,0.264774989,0.256099496,0.24508444,0.239206212,0.235129655,0.235013571,0.235451225,0.23649358,0.243337594,0.244234121
3170,0.313243201,0.308459229,0.304011264,0.301378529,0.298400238,0.295783459,0.284671288,0.283074496,0.275730018,0.274088659,0.271811619,0.269035778,0.263952197,0.255382892,0.244481256,0.238752402,0.234778672,0.234699407,0.235162844,0.236221941,0.24307696,0.244032959
3180,0.311597555,0.306895534,0.302506516,0.299899824,0.29697464,0.294413681,0.283502906,0.281928578,0.274727284,0.273083974,0.270858287,0.268135114,0.263126144,0.254664419,0.243877763,0.238298988,0.234428215,0.23438575,0.234874966,0.23595078,0.242816864,0.243832262
3190,0.309954351,0.305328836,0.300995705,0.298416241,0.295546024,0.29303861,0.282330389,0.280778363,0.273721782,0.272076651,0.269902765,0.267232555,0.262296868,0.2539441,0.243273971,0.237845971,0.234078282,0.234072597,0.234587589,0.235680095,0.242557302,0.243632026
3200,0.308313582,0.303754285,0.299478904,0.296927841,0.294114435,0.291658311,0.281153787,0.279623902,0.272713549,0.271066727,0.268945081,0.266328126,0.261464408,0.25322196,0.242669887,0.237393352,0.23372887,0.233759946,0.234300711,0.235409885,0.242298272,0.243432251
3210,0.30667524,0.302171966,0.297956182,0.295434682,0.292679912,0.290272845,0.27997315,0.278465246,0.271702619,0.270054234,0.267985265,0.265421854,0.260628802,0.252498023,0.242065521,0.236941131,0.23337998,0.233447797,0.234014331,0.235140147,0.242039772,0.243232933
3220,0.305035542,0.300581969,0.296427609,0.293936823,0.291242498,0.288882273,0.278788527,0.277302446,0.270689027,0.269039207,0.267023347,0.264513766,0.259790088,0.251772313,0.241460881,0.23648931,0.233031609,0.233136147,0.233728446,0.234870879,0.2417818,0.243034071
3230,0.303385721,0.29898438,0.294893256,0.292434324,0.289802233,0.287486658,0.277599967,0.276135552,0.269672809,0.268021679,0.266059355,0.263603886,0.258948301,0.251044854,0.240855976,0.236037889,0.232683755,0.232824995,0.233443055,0.23460208,0.241524352,0.242835662
3240,0.301725529,0.297379283,0.293353189,0.29092724,0.288359157,0.286086058,0.276407516,0.274964612,0.268653997,0.267001683,0.265093317,0.26269224,0.258103479,0.250315668,0.240250813,0.235586868,0.232336418,0.23251434,0.233158155,0.234333748,0.241267427,0.242637703
3250,0.300055075,0.295766764,0.291807477,0.289415629,0.28691331,0.284680533,0.275211224,0.273789675,0.267632626,0.265979251,0.264125263,0.261778852,0.257255657,0.249584778,0.239645401,0.235136248,0.231989596,0.232204179,0.232873746,0.234065882,0.241011022,0.242440192
3260,0.298374471,0.294146906,0.290256185,0.287899547,0.285464731,0.283270142,0.274011136,0.272610788,0.26660873,0.264954416,0.263155218,0.260862678,0.256404872,0.248852207,0.239039748,0.23468603,0.231643287,0.231894511,0.232589825,0.233798479,0.240755134,0.242243128
3270,0.296683825,0.292519792,0.28869938,0.286379048,0.284013459,0.281854943,0.272807298,0.271428,0.265582339,0.263927208,0.262183212,0.259941644,0.255551159,0.248117978,0.238433862,0.234236214,0.231297491,0.231585334,0.23230639,0.233531537,0.240499762,0.242046508
3280,0.294983245,0.290885504,0.287137127,0.284854188,0.282559532,0.280434992,0.271599756,0.270241357,0.264553488,0.26289766,0.26120927,0.259015747,0.254694551,0.247382112,0.23782775,0.2337868,0.230952205,0.231276648,0.23202344,0.233265056,0.240244903,0.241850329
3290,0.293272838,0.289244121,0.28556949,0.28332502,0.281102987,0.279010347,0.270388554,0.269050904,0.263522208,0.261865803,0.260232399,0.258085041,0.253835084,0.246644631,0.237221421,0.23333779,0.230607428,0.230968449,0.231740972,0.232999033,0.239990555,0.24165459
3300,0.291552707,0.287595724,0.283996532,0.281791598,0.279643863,0.277581063,0.269173738,0.267856688,0.262488531,0.260831033,0.259249023,0.257149578,0.252972792,0.245905556,0.236614881,0.232889184,0.230263158,0.230660737,0.231458986,0.232733467,0.239736715,0.241459287
3325,0.287210525,0.283444556,0.280041267,0.277939774,0.275985003,0.273987917,0.266121171,0.264854978,0.25988031,0.258219338,0.256761185,0.254790445,0.250804919,0.244051037,0.235097661,0.231769437,0.229404696,0.229893575,0.230756112,0.232071538,0.239104325,0.240972931
3350,0.282809813,0.279251242,0.276054095,0.274062493,0.272310809,0.270366966,0.263046956,0.261830717,0.257226546,0.255571935,0.254232216,0.252402691,0.248620107,0.242187016,0.233579288,0.230652223,0.228549375,0.22912942,0.230056207,0.231412426,0.238475063,0.240489261
3375,0.278352117,0.275016951,0.272035947,0.270160534,0.268621824,0.266719026,0.259951745,0.258784573,0.254528323,0.252889763,0.25166317,0.249987086,0.246418854,0.240313806,0.232059871,0.229537546,0.227697173,0.228368247,0.229359241,0.230756105,0.237848895,0.240008243
3400,0.273838938,0.270742817,0.267987726,0.266234657,0.264916179,0.263044894,0.25683608,0.25571527,0.251786769,0.250173737,0.249055071,0.247544375,0.244201644,0.238431713,0.230539517,0.228425413,0.226848068,0.227610033,0.22866519,0.230102549,0.237225787,0.239529846
3425,0.269271732,0.266429945,0.263909549,0.262279818,0.261166318,0.259345341,0.253684399,0.252604888,0.24900298,0.247424744,0.246408917,0.245075284,0.241968945,0.236541032,0.229018327,0.227315827,0.226002037,0.226854752,0.227974026,0.229451733,0.236605705,0.239054038
3450,0.264651918,0.262078439,0.25979123,0.258277571,0.257365323,0.255616306,0.250485808,0.249449823,0.246178023,0.244643647,0.243725673,0.242580518,0.239721212,0.234642052,0.227496401,0.226208792,0.225159059,0.226102382,0.227285723,0.228803631,0.235988617,0.238580789
3475,0.259979698,0.257679522,0.255630212,0.254227593,0.253514494,0.2518471,0.247241487,0.246251203,0.243312933,0.241831284,0.241006281,0.240060761,0.237458888,0.23273505,0.225973835,0.22510431,0.224319112,0.225352898,0.226600256,0.22815822,0.23537449,0.238110067
3500,0.255252683,0.253231869,0.251427625,0.250131116,0.2496151,0.248038273,0.243952583,0.243010126,0.240408718,0.23898847,0.238251656,0.237516678,0.235182402,0.230820297,0.22445072,0.224002384,0.223482174,0.224606279,0.225917599,0.227515475,0.234763292,0.237641843
3525,0.250471997,0.248736743,0.247184567,0.245989337,0.24566837,0.24419086,0.240620211,0.239727662,0.237466359,0.236115997,0.235462687,0.234948917,0.232892171,0.228898055,0.222927146,0.222903016,0.222648224,0.2238625,0.225237728,0.226875371,0.234154992,0.237176087
3550,0.245639013,0.244195372,0.242902106,0.241803422,0.241675504,0.240305871,0.237245457,0.236404848,0.234486809,0.233214637,0.23264024,0.232358107,0.2305886,0.226968578,0.221403199,0.221806207,0.221817241,0.223121539,0.224560616,0.226237885,0.23354956,0.236712771
3575,0.240755068,0.239608951,0.238581281,0.237574504,0.237637666,0.236384286,0.233829377,0.233042696,0.231470995,0.230285139,0.229785157,0.229744858,0.228272082,0.225032114,0.219878962,0.220711964,0.220989593,0.222383563,0.223886241,0.225602994,0.232946965,0.236251867
3600,0.23582146,0.234978642,0.2342231,0.233303683,0.233555991,0.232427057,0.230372998,0.229642189,0.22841982,0.227328231,0.226898257,0.227109767,0.225943002,0.223088902,0.218354804,0.219624663,0.220168256,0.221651068,0.223216118,0.224970981,0.232347177,0.235793346
3625,0.230839455,0.230305576,0.229828547,0.228992033,0.22943158,0.228435113,0.226877321,0.226204283,0.225334162,0.224344622,0.223980336,0.224453411,0.223601729,0.221139202,0.216838766,0.218547914,0.219353767,0.220924761,0.222551558,0.224343775,0.231750659,0.235337181
3650,0.225810283,0.225590852,0.225398576,0.224640596,0.225265509,0.224409356,0.223343318,0.222729911,0.222214876,0.221335004,0.221032171,0.221776353,0.221250376,0.219194718,0.215334345,0.217481551,0.218546024,0.22020455,0.22189248,0.223721653,0.231158964,0.234883346
3675,0.220735143,0.220835542,0.220934119,0.220250389,0.221058821,0.220350665,0.219773106,0.219221426,0.219073767,0.218310547,0.218068354,0.219101645,0.21891436,0.21726483,0.213841372,0.21642541,0.217744927,0.219490343,0.221238802,0.22310454,0.230572142,0.234432064
3700,0.215625629,0.216051692,0.216455085,0.215845207,0.216842968,0.216293027,0.216227568,0.215738827,0.215968104,0.215320405,0.215138795,0.216458362,0.216601659,0.215349331,0.212359685,0.215379335,0.216950378,0.218782053,0.220590444,0.222492364,0.229990121,0.233984238
3725,0.210564852,0.211315767,0.212032306,0.211500849,0.21268939,0.212308294,0.212739909,0.21231255,0.21290539,0.212370159,0.212247351,0.213846108,0.214311908,0.213448017,0.210889123,0.214343169,0.216162281,0.218079592,0.21994733,0.221885053,0.229412833,0.233539906
3750,0.205569631,0.206641382,0.20767146,0.207222255,0.208599975,0.20839767,0.209309128,0.208941621,0.209884905,0.209459144,0.209393391,0.21126438,0.212044751,0.211560692,0.209429531,0.213316761,0.215380543,0.217382876,0.219309383,0.221282537,0.228840207,0.233099018
3775,0.200638886,0.202027523,0.203371509,0.203008307,0.204573629,0.204559855,0.205934247,0.205625091,0.206905941,0.206586708,0.206576296,0.208712687,0.20979984,0.209687161,0.207980755,0.212299963,0.214605072,0.21669182,0.218676529,0.220684748,0.228272176,0.232661524
3800,0.195771559,0.197473196,0.199131439,0.198857914,0.200609283,0.200793582,0.20261431,0.202362031,0.203967812,0.203752217,0.203795462,0.206190546,0.207576834,0.207827233,0.206542645,0.211292629,0.213835779,0.216006344,0.218048695,0.220091618,0.227708675,0.232227378
3825,0.190966617,0.19297743,0.194950259,0.194770009,0.196705893,0.197097609,0.199348384,0.199151533,0.201069841,0.200955048,0.201050298,0.203697488,0.205375399,0.205980721,0.205115054,0.210294618,0.213072575,0.215326367,0.217425809,0.219503081,0.22714964,0.231796532
3850,0.186223049,0.188539276,0.190826999,0.190743549,0.192862437,0.193470724,0.196135554,0.19599271,0.198211371,0.198194593,0.198340226,0.201233052,0.203195209,0.204147444,0.203697837,0.20930579,0.212315374,0.214651812,0.216807802,0.218919074,0.226595006,0.231368941
3875,0.181624391,0.184157806,0.186760713,0.186777514,0.189077918,0.189911743,0.19297493,0.192884696,0.195391758,0.195470259,0.195664681,0.198796788,0.201035943,0.202327221,0.202290854,0.208326009,0.211564092,0.213982601,0.216194606,0.218339532,0.226044712,0.230944558
3900,0.17741928,0.179958865,0.182772571,0.182875115,0.185351357,0.186419507,0.189865637,0.18982664,0.19261037,0.192781462,0.193023109,0.196388254,0.19889729,0.200519878,0.200893966,0.207355142,0.210818646,0.213318661,0.215586152,0.217764395,0.225498698,0.230523341
3925,0.1736171,0.176140207,0.179058581,0.179199763,0.181695603,0.182992884,0.186806822,0.186817715,0.189866591,0.190127636,0.19041497,0.19400702,0.196778943,0.198725243,0.199507037,0.206393058,0.210078956,0.212659916,0.214982376,0.217193601,0.224956904,0.230105246
3950,0.170210354,0.17269736,0.175660345,0.17583167,0.178297718,0.179631736,0.18379765,0.18385711,0.187159819,0.187508221,0.187839735,0.191652664,0.194680603,0.196943146,0.198129935,0.205439629,0.209344941,0.212006296,0.214383214,0.216627091,0.224419272,0.22969023
3975,0.167191716,0.16962337,0.17257204,0.172765175,0.175212502,0.176473755,0.180837306,0.180944029,0.184489463,0.184922675,0.185296884,0.189324773,0.192601974,0.195173422,0.196762528,0.20449473,0.208616524,0.21135773,0.213788601,0.216064807,0.223885744,0.229278253
4000,0.16455403,0.166911443,0.169787979,0.169994743,0.172434214,0.173613454,0.177932158,0.178077699,0.181854946,0.182370464,0.182785913,0.187022941,0.190542771,0.19341591,0.19540469,0.203558239,0.20789363,0.210714149,0.213198476,0.215506692,0.223356266,0.228869273
4050,0.160393685,0.162547363,0.165110466,0.165320556,0.167776103,0.168764276,0.172696511,0.172790467,0.176705277,0.177365798,0.17785763,0.182495883,0.186481517,0.189936884,0.192717218,0.20171,0.206464108,0.209441669,0.21203145,0.214402746,0.222309237,0.228060145
4100,0.157675221,0.159529121,0.161584802,0.161767279,0.164279993,0.165042167,0.16832177,0.168323274,0.172058788,0.17278165,0.173255636,0.178118742,0.182502176,0.18653206,0.190066544,0.19989398,0.205055796,0.208188331,0.210881664,0.213314818,0.221277759,0.227262538
4150,0.155964973,0.157311555,0.15905049,0.159251503,0.161624603,0.162282253,0.164777465,0.164647471,0.168049947,0.168812518,0.169245443,0.174198635,0.178823402,0.183372907,0.18745173,0.198109283,0.203668135,0.206953627,0.209748664,0.212242491,0.220261423,0.226476152
4200,0.154779561,0.155673599,0.157081957,0.157336641,0.159484048,0.160030791,0.162034452,0.161735325,0.164656558,0.16543701,0.165808116,0.170773478,0.175536731,0.180481824,0.184934277,0.196355046,0.202300587,0.205737071,0.208632015,0.211185361,0.219259834,0.225700701
4250,0.154097483,0.154591805,0.155629097,0.155905789,0.157840401,0.15823679,0.160044154,0.159560295,0.161857379,0.162634651,0.162923921,0.167826283,0.172628789,0.177849758,0.182590532,0.194636093,0.200952636,0.204538194,0.207531298,0.210143041,0.218272614,0.224935908
4300,0.153894596,0.154038568,0.154669779,0.154939535,0.156672373,0.156882753,0.158467809,0.158084313,0.159632068,0.160385834,0.16057396,0.165340784,0.170086765,0.175468036,0.180415063,0.192986514,0.199623804,0.203356544,0.206446107,0.209115158,0.217299397,0.224181506
4350,0.154143903,0.153982906,0.154178363,0.154415392,0.155955788,0.155949015,0.157187523,0.156996554,0.157961135,0.158671774,0.158740129,0.163301396,0.167898382,0.173328345,0.178402359,0.191410188,0.198328538,0.202191685,0.205376054,0.208101353,0.21633983,0.223437238
4400,0.154816175,0.154391235,0.154126397,0.15430838,0.155664168,0.155414141,0.156192985,0.156166093,0.156825902,0.157474467,0.157405073,0.161693177,0.166051872,0.171422715,0.176547137,0.189904825,0.197078617,0.201043198,0.204320762,0.207101278,0.215393575,0.222702857
4450,0.155880552,0.155228116,0.15448331,0.154591584,0.155769305,0.155255317,0.155472379,0.15558359,0.156208457,0.156776647,0.156552151,0.160501802,0.16453595,0.169743503,0.174844327,0.188468226,0.195872674,0.199910804,0.203279871,0.206114599,0.214460304,0.221978124
4500,0.157305115,0.156456965,0.155217064,0.155236702,0.156241805,0.155448721,0.155012646,0.155238487,0.155952342,0.156507188,0.156161261,0.159713525,0.163339786,0.168283371,0.173289063,0.18709828,0.194709394,0.198804133,0.202253029,0.205140994,0.213539702,0.221262807
4550,0.159057411,0.15804069,0.156294769,0.156214557,0.157051591,0.155969873,0.154799727,0.155119224,0.155857869,0.156410923,0.156020771,0.159315056,0.162452986,0.167035277,0.17187667,0.185792958,0.193587513,0.197728753,0.201239901,0.204180152,0.212631465,0.220556686
4600,0.161104931,0.159942276,0.157683244,0.157495563,0.158168359,0.156793954,0.154818802,0.155213432,0.15591759,0.156452885,0.156015207,0.159161528,0.161865568,0.165992457,0.17060266,0.184550308,0.192505817,0.196683771,0.200241026,0.203231771,0.211735297,0.219859543
4650,0.163415528,0.16212529,0.159349515,0.159050156,0.159561994,0.157896098,0.155054522,0.155508134,0.156124286,0.156626943,0.156139028,0.15912767,0.16156092,0.165148411,0.16946272,0.183368456,0.191463135,0.19566833,0.199264405,0.20229556,0.210850915,0.219171173
4700,0.16595779,0.164554305,0.161261239,0.16084916,0.161202914,0.159251656,0.155491213,0.155989929,0.156470013,0.156926299,0.156386038,0.159208734,0.161403054,0.164496893,0.1684527,0.182245597,0.190458344,0.194681605,0.198311532,0.20137124,0.209978045,0.218491373
4800,0.171617079,0.170015744,0.165696979,0.165067515,0.165112743,0.162626804,0.156904365,0.157460087,0.157544025,0.157871179,0.157222261,0.159693703,0.161368914,0.163747004,0.166806621,0.180169978,0.188558137,0.192791147,0.196474479,0.199564222,0.208265787,0.217156717
4900,0.177856331,0.176075075,0.170756605,0.16993589,0.169682126,0.166734273,0.158933352,0.159514396,0.159067011,0.159224646,0.158465533,0.160568126,0.161683976,0.163468967,0.165634281,0.178310316,0.186796997,0.19100637,0.194724998,0.197828816,0.20659706,0.215854096
5000,0.184474769,0.182512498,0.176233042,0.175260986,0.174717972,0.171403566,0.161458481,0.162046039,0.160963553,0.160920849,0.160054068,0.161778784,0.162312272,0.163452093,0.164852247,0.176654422,0.185167306,0.189321669,0.193058557,0.196162795,0.20497805,0.214582126
5100,0.191299955,0.189142307,0.181949151,0.180874344,0.180052712,0.176481741,0.16436861,0.164954176,0.16315902,0.162894113,0.161925608,0.16327047,0.163214571,0.163675533,0.164264425,0.175186323,0.183661979,0.187731826,0.191470931,0.194562736,0.20340913,0.213339508
5300,0.205023137,0.202403008,0.193542511,0.192421132,0.191078903,0.187347996,0.170953961,0.171539274,0.16816827,0.167424468,0.166280345,0.16688061,0.165678864,0.16474866,0.163588595,0.172668409,0.180992753,0.184817578,0.188516616,0.191547932,0.200412538,0.21093752
5500,0.218191174,0.21500118,0.204694663,0.203729334,0.201922333,0.198486722,0.178029517,0.178648283,0.173601388,0.172373374,0.171100194,0.170998922,0.168761755,0.166489562,0.163498231,0.170653949,0.178711484,0.182233558,0.185844273,0.188761412,0.197590607,0.208648513
5700,0.230323333,0.226472826,0.214931852,0.214288483,0.21207721,0.2093246,0.185122561,0.185822213,0.179082408,0.177398207,0.176045423,0.175300249,0.172185384,0.168701477,0.163888922,0.169092718,0.176785635,0.179963156,0.183450446,0.186205998,0.194929961,0.206476011
6000,0.246139569,0.241199863,0.228157016,0.228203448,0.225498115,0.224292334,0.195152397,0.196057321,0.186857203,0.184578195,0.183189182,0.181594929,0.17748831,0.172523306,0.165151312,0.167475616,0.174495543,0.177100962,0.180349675,0.182811314,0.191294987,0.20341597
6500,0.266192849,0.259430983,0.244615591,0.246021161,0.242750828,0.244784644,0.209173582,0.210561275,0.197688422,0.194683407,0.193388365,0.190669569,0.185669603,0.179171809,0.16831516,0.166237211,0.171985014,0.17357172,0.176329339,0.178219264,0.186193992,0.198820286
7000,0.279802744,0.271456988,0.255500613,0.25818959,0.2545879,0.25987898,0.219624692,0.221538461,0.205652129,0.202196,0.201084336,0.19753837,0.192282394,0.185173763,0.171921422,0.166155084,0.170653996,0.171244644,0.173464475,0.174753299,0.182152457,0.194909059
10000,0.305199612,0.292696039,0.274688811,0.280946045,0.276946208,0.292541285,0.242191316,0.245903347,0.221941632,0.217867904,0.217554876,0.212087037,0.207877356,0.202179482,0.186164424,0.170379319,0.17081482,0.167774147,0.167638127,0.166405327,0.170993196,0.181815271
